URL,Status,Brand Name,Model,Governorate,City,Price,Body Type,Fuel Type,Transmission,Production Year,Down Payment,Engine Capacity,Kilometers,Color,Additional Properties,More Details
https://www.contactcars.com/en/used-cars/chery-tiggo_7/d9d2ac98918647f7921bb68e94c47b65?status=Used,Used,Chery,Tiggo 7,Kafr El Sheikh," Down Town","850,000",SUV,Gas,Automatic,2022,"425,000",1500,"28,000",Silver,"almost new , for Exchange , In Warranty , Fabrika In&Out","سياره شيرى تيجو 7 2022فابؤيكا بالكامل رخصه سنه هاى لاين  "
https://www.contactcars.com/en/used-cars/chery-tiggo_3/7cfbbd9fc2da4ead9cc34b09394d86a7?status=Used?dealer=1519451,Used,Chery,Tiggo 3,Cairo," Waili","795,000",SUV,Natural Gas,Automatic,2022,"397,500",1600,"19,838",White,almost new,"تيجو 3 ابيض 2022  1.6 A/T Tinted Glass FL   "
https://www.contactcars.com/en/used-cars/chery-tiggo_7/1e63eb1e96c94702b7b8368536f19d1c?status=Used?dealer=1519538,Used,Chery,Tiggo 7,Cairo," Nasr City",,SUV,Gas,Automatic,2021,"336,000",1500,"41,000",Silver,,"شيري تيجو 7  1.5 A/T Baseline  "
https://www.contactcars.com/en/used-cars/chery-tiggo_3/7a4264976e7d4da99433748af66b799c?status=Used?dealer=1519538,Used,Chery,Tiggo 3,Cairo," Nasr City",,SUV,Gas,Automatic,2019,"168,000",1600,"151,000",Silver,Fabrika In&Out,"شيري تيجو 3 2019 "
https://www.contactcars.com/en/used-cars/chery-tiggo/218d355ffc584a5fb8c971ee23874689?status=Used,Used,Chery,Tiggo,Giza," Sheikh Zayed","700,000",SUV,Gas,Automatic,2021,,1600,"104,000",Silver,Fabrika In&Out,"tiggo 3+ ford kuga "
https://www.contactcars.com/en/used-cars/chery-tiggo_7/38a31e13d8e34968abcf7d66fea3aa52?status=Used,Used,Chery,Tiggo 7,Eastern," Zagazig","900,000",SUV,Gas,Automatic,2023,,1500,"37,000",Dark Grey,"almost new , Fabrika In&Out","تيجو 7 فوق الممتاذ بفضل الله  1.5 A/T T-6DCT BASELINE  "
https://www.contactcars.com/en/used-cars/chery-tiggo_7/2cd4320f3f5f4b07bade4dd16fc75699?status=Used,Used,Chery,Tiggo 7,Giza," Sheikh Zayed","890,000",SUV,Gas,Automatic,2022,"445,000",1500,"52,000",Silver,"almost new , In Warranty , Fabrika In&Out","تيجو 7 موديل 2022 بحاله ممتازه جدا  "
https://www.contactcars.com/en/used-cars/chery-arrizo_5/a18e365b11b247e1902efe754d3441ec?status=Used?dealer=1519451,Used,Chery,ARRIZO 5,Cairo," Waili","560,000",Sedan,,Manual,2023,,1500,"64,504",Maroon,almost new,"اريزو 5 M نبيتي 2023  1.5 M/T BASELINE Leather  "
https://www.contactcars.com/en/used-cars/chery-arrizo_5/9acda82de80c4292abaad723747b3f59?status=Used?dealer=1519451,Used,Chery,ARRIZO 5,Cairo," Waili","715,000",Sedan,Gas,Automatic,2023,"357,500",1500,"3,843",Baby Blue,almost new,"اريزو 5 HL سماوي 2023  1.5 A/T CVT HIGHLINE   "
https://www.contactcars.com/en/used-cars/chery-arrizo_5/b592988376e9428998fc7d1fd3a0ae81?status=Used?dealer=1519451,Used,Chery,ARRIZO 5,Cairo," Waili","565,000",Sedan,Gas,Automatic,2021,"282,500",1500,"55,583",Baby Blue,almost new,"شيري اريزو 5  1.5 A/T Baseline Leather   "
https://www.contactcars.com/en/used-cars/chery-arrizo_5/7c01f0656229404ba21bc3b7b0c3826c?status=Used?dealer=1519451,Used,Chery,ARRIZO 5,Cairo," Waili","625,000",Sedan,Gas,Automatic,2022,,1500,"60,795",Maroon,almost new,"اريزو 5 نبيتي 2022  1.5 A/T Baseline  "
https://www.contactcars.com/en/used-cars/chery-arrizo_5/fcc6a77e102d4ebba691f12419b2dd21?status=Used?dealer=1519451,Used,Chery,ARRIZO 5,Cairo," Waili","630,000",Sedan,Natural Gas,Automatic,2022,,1500,"60,422",Red,almost new,"اريزو 5 p1 A احمر 2022  1.5 A/T Baseline  "
https://www.contactcars.com/en/used-cars/chery-tiggo_3/c48aa935e5e540329d4fd250fb2f0fd0?status=Used?dealer=1519451,Used,Chery,Tiggo 3,Cairo," Waili","790,000",,Gas,Automatic,2022,,1600,"45,107",Dark Grey,almost new,"تيجو 3 فيراني 2022  1.6 A/T Tinted Glass FL  "
https://www.contactcars.com/en/used-cars/chery-tiggo_7/702b34032c48419d98c9591ba5b2ccb2?status=Used?dealer=1519451,Used,Chery,Tiggo 7,Cairo," Waili","880,000",SUV,Gas,Automatic,2021,"440,000",1500,"25,320",Silver,almost new,"تيجو 7 فضي 2021  1.5 A/T Baseline   "
https://www.contactcars.com/en/used-cars/chery-tiggo_7/632e425a69f94a54a684509745324f38?status=Used?dealer=1519264,Used,Chery,Tiggo 7,Cairo," Nasr City",,SUV,Gas,Automatic,2022,"277,500",1600,"73,500",Blue,for Exchange,"شيري تيجو7 هاي لاين "
https://www.contactcars.com/en/used-cars/chery-arrizo_5/9eb9615d15744116a4ab8b4f2f75bfea?status=Used,Used,Chery,ARRIZO 5,Cairo," New Cairo & 5th Settlement",,Sedan,Gas,Automatic,2023,"250,000",1500,"32,000",Silver,"almost new , Fabrika In&Out","كاش او تقسيط!! شيري اريزو 2023 هايلاين أعلى فئة كسر زيرو  1.5 A/T CVT HIGHLINE  "
https://www.contactcars.com/en/used-cars/chery-tiggo_3/ecbc14dabde641de9e20040084c4d4b6?status=Used,Used,Chery,Tiggo 3,Cairo," Mokattam","700,000",SUV,Gas,Automatic,2022,"350,000",1600,"32,000",Silver,"almost new , In Warranty , Fabrika In&Out","شيري تيجو ٣  1.6 A/T Tinted Glass FL   "
https://www.contactcars.com/en/new-cars/chery-tiggo_8_pro/for-sale/7588989ef6a942739f140435bde75fce?status=New?dealer=1519515,New,Chery,Tiggo 8 PRO,Cairo," Nasr City","1,300,000",SUV,Gas,Automatic,2023,"650,000",1600,,White,for Exchange,"شارع الطياران  1.6 A/T Comfort   "
https://www.contactcars.com/en/new-cars/chery-arrizo_5/for-sale/7112dd0c09334e7db542b884808cb548?status=New?dealer=1519280,New,Chery,ARRIZO 5,Cairo," Nasr City","175,000",Sedan,Gas,Automatic,2023,,1500,,,"In Warranty , Fabrika In&Out","Chery ARRIZO 5 2023  1.5 A/T CVT HIGHLINE  "
https://www.contactcars.com/en/used-cars/chery-tiggo_7/e22264c3022f4cefb67434d5b17560ef?status=Used,Used,Chery,Tiggo 7,Qalyubia," El Oobor","750,000",SUV,Gas,Automatic,2021,,1500,"90,000",White,"In Warranty , Fabrika In&Out","العبور  1.5 A/T Baseline  "
https://www.contactcars.com/en/new-cars/chery-tiggo_7_pro/for-sale/86e7895795a640b59d31e8c523043d13?status=New,New,Chery,Tiggo 7 Pro,Mansoura," Down Town","1,400,000",SUV,Gas,Automatic,2023,"280,000",1500,,White,"Imported , In Warranty , Fabrika In&Out","شيري تيجو ٢٠٢٣ خليجي  "
https://www.contactcars.com/en/new-cars/chery-tiggo_3/for-sale/eaf6fa500e3243e78d5820e3f06053f3?status=New?dealer=1519449,New,Chery,Tiggo 3,Giza," Sheikh Zayed",,SUV,Gas,Automatic,2023,"165,000",1600,,White,"for Exchange , In Warranty , Fabrika In&Out","chery tiggo 3  1.6 A/T CVT TINTED GLASS FACELIFT  "
https://www.contactcars.com/en/used-cars/chery-tiggo_3/5db96710ea2d4e138df7510a866d2f5b?status=Used?dealer=1519264,Used,Chery,Tiggo 3,Cairo," 6th of October",,SUV,,Automatic,2023,"260,000",1600,"7,850",Dark Grey,"almost new , Fabrika In&Out","شيري تيجو3 موديل 2023 كسر زيرو  1.6 A/T CVT TINTED GLASS FACELIFT  "
https://www.contactcars.com/en/used-cars/chery-arrizo_5/be07d4f93f8642d09feb79ac1d66d1d0?status=Used,Used,Chery,ARRIZO 5,Western," Samanoud","700,000",Sedan,Gas,Automatic,2023,"350,000",,"11,000",White,,"شيري اريزو 2023 كسر زيرو  1.5 A/T CVT BASELINE Leather   "
https://www.contactcars.com/en/used-cars/chery-tiggo_3/979b30d8cc8f44f18c8724df924131ea?status=Used,Used,Chery,Tiggo 3,Giza," 6th of October","795,000",SUV,Gas,Automatic,2023,"397,500",1600,"14,200",Blue,"almost new , In Warranty , Fabrika In&Out","شيري تيجو 2023 بحاله الزيرو رخصه 3 سنوات 14 الف كيلو  1.6 A/T CVT TINTED GLASS FACELIFT   "
https://www.contactcars.com/en/used-cars/chery-tiggo_3/71849f80362447c4bf0600fc8eea1d05?status=Used,Used,Chery,Tiggo 3,Western," Tanta","790,000",Hatchback,Gas,Automatic,2023,"395,000",1600,300,Silver,"almost new , In Warranty , Fabrika In&Out","شيري تيجو 3 /2023  1.6 A/T CVT TINTED GLASS FACELIFT   "
https://www.contactcars.com/en/used-cars/chery-arrizo_5/ec21f2588bc94ad79fd4ac96ff6bbdce?status=Used?dealer=1519451,Used,Chery,ARRIZO 5,Cairo," Waili","610,000",Sedan,Gas,Automatic,2022,"305,000",1500,"34,346",Bronze,almost new,"شيري اريزو 5 برونزي 2022  1.5 A/T Baseline   "
https://www.contactcars.com/en/used-cars/chery-arrizo_5/7025a61ccbd64c8ea555bb7b35c86a70?status=Used?dealer=1519451,Used,Chery,ARRIZO 5,Cairo," Waili","595,000",Sedan,Gas,Automatic,2021,,1500,"76,791",Maroon,almost new,"شيري اريزو 5 نبيتي 2021  1.5 A/T Baseline Leather  "
https://www.contactcars.com/en/used-cars/chery-tiggo_7/f8c931eef9bd4e9f9c1198783628e1ec?status=Used,Used,Chery,Tiggo 7,Giza," Giza","880,000",SUV,Gas,Automatic,2021,"440,000",1500,"20,000",White,"almost new , In Warranty , Fabrika In&Out","شيرى تيجو 7 هاى لاين  1.5 A/T H/L   "
https://www.contactcars.com/en/used-cars/chery-tiggo_8_pro/836e57b7d01f486780515f09ee6e92bd?status=Used,Used,Chery,Tiggo 8 PRO,Cairo," New Cairo & 5th Settlement","1,650,000",SUV,Gas,Automatic,2022,,1600,"10,000",Navy Blue,"almost new , In Warranty , Fabrika In&Out","شيري تيجو 8 برو فلاج شيب  1.6 A/T Flagship  "
https://www.contactcars.com/en/used-cars/chery-tiggo_3/66aee2bcc363433c8a4bf4bf2fd677ec?status=Used?dealer=1519451,Used,Chery,Tiggo 3,Cairo," Waili","800,000",SUV,Natural Gas,Automatic,2022,,1600,"38,163",White,almost new,"تيجو 3 ابيض 2022  1.6 A/T Tinted Glass FL  "
https://www.contactcars.com/en/used-cars/chery-tiggo_3/9ceb1174e5624a1c8adf5f51bd3250d6?status=Used?dealer=1519451,Used,Chery,Tiggo 3,Cairo," Waili","790,000",SUV,Gas,Automatic,2022,,1600,"34,694",Dark Grey,almost new,"تيجو 3 فيراني 2022  1.6 A/T Tinted Glass FL  "
https://www.contactcars.com/en/used-cars/chery-arrizo_5/7c60a396e7784cd69f3e66f59530fcb2?status=Used?dealer=1519451,Used,Chery,ARRIZO 5,Cairo," Waili","570,000",Sedan,Gas,Manual,2023,,1500,"79,129",Silver,almost new,"اريزو 5 M فضي 2023  1.5 M/T BASELINE Leather  "
https://www.contactcars.com/en/used-cars/chery-arrizo_5/3b0fccb7ea3c41e09285ad2bfb661848?status=Used?dealer=1519451,Used,Chery,ARRIZO 5,Cairo," Waili","545,000",Sedan,Gas,Manual,2021,,1500,"80,766",Red,almost new,"اريزو 5 M احمر 2021  1.5 M/T Baseline  "
https://www.contactcars.com/en/used-cars/chery-arrizo_5/9849a990e08f4f748ee6d292162e671c?status=Used?dealer=1519451,Used,Chery,ARRIZO 5,Cairo," Waili","650,000",Sedan,Gas,Automatic,2023,,1500,"21,166",Baby Blue,almost new,"اريزو 5 p1 A سماوي 2023  1.5 A/T CVT BASELINE Leather  "
https://www.contactcars.com/en/used-cars/chery-tiggo_8/b84d2a651abd401fa82eb319719fc97c?status=Used?dealer=1519264,Used,Chery,Tiggo 8,Western," Tanta",,SUV,Gas,Automatic,2021,"346,500",1500,"50,000",Red,"for Exchange , Fabrika In&Out","تيجو8 لاكشري "
https://www.contactcars.com/en/used-cars/chery-arrizo_5/0ec7c3d880e64b2fbd5c526a16ed5bec?status=Used?dealer=1519264,Used,Chery,ARRIZO 5,Cairo," New Cairo & 5th Settlement",,Sedan,Gas,Automatic,2023,"219,000",1500,"6,500",Red,"almost new , Fabrika In&Out","شيري اريزو 2023 هاي لاين  1.5 A/T CVT HIGHLINE  "
https://www.contactcars.com/en/used-cars/chery-tiggo_3/0e790c58fc2e4bd2b2292c12a1acff5b?status=Used,Used,Chery,Tiggo 3,Cairo," Maadi","770,000",SUV,Gas,Automatic,2023,"385,000",1600,"3,500",White,"almost new , Fabrika In&Out","تيجو ٣ ٢٠٢٣ فقط ٣٥٠٠ كيلو متر  1.6 A/T CVT TINTED GLASS FACELIFT   "
https://www.contactcars.com/en/used-cars/chery-tiggo_7/f1dda626e62840179e8f1a0b7a0d0a22?status=Used,Used,Chery,Tiggo 7,Cairo," Madinaty","810,000",SUV,Gas,Automatic,2021,,1500,"95,000",Brown,Fabrika In&Out,"شيري تيجو 7 موديل 2021 فابريكا بالكامل  1.5 A/T H/L  "
https://www.contactcars.com/en/used-cars/chery-arrizo_5/9809cd1da1f34ab3a4fe9d44699badbf?status=Used,Used,Chery,ARRIZO 5,Giza," El Haram","450,000",Sedan,Gas,Manual,2021,,1500,"26,000",Red,"Imported , almost new , Fabrika In&Out","كسر كسر الزيرو ٢٠٢١ منول أعالي فيه  1.5 M/T Baseline  "
https://www.contactcars.com/en/new-cars/chery-tiggo_3/for-sale/9242a90e31624879a078b1a866b941d2?status=New?dealer=1519511,New,Chery,Tiggo 3,Cairo," Nasr City","180,000",SUV,Gas,Automatic,2023,"36,000",1600,,,"In Warranty , Fabrika In&Out","Chery Tiggo 3 2023  1.6 A/T CVT TINTED GLASS FACELIFT   "
https://www.contactcars.com/en/used-cars/chery-tiggo_3/16ff4da73dd44c21bdfeb08aba7cb8c4?status=Used,Used,Chery,Tiggo 3,Giza," 6th of October","650,000",SUV,Gas,Automatic,2019,,1600,"145,000",Gray,Fabrika In&Out,"شيري تيجو 3 حاله ممتازه "
https://www.contactcars.com/en/used-cars/chery-arrizo_5/b2231b5cf28a44ca965446e5ea06a917?status=Used,Used,Chery,ARRIZO 5,Alexandria," Mena El Basal","650,000",Sedan,Gas,Automatic,2023,"325,000",1500,"1,500",Black,"almost new , In Warranty , Fabrika In&Out","مينا البصل القباري اسكندريه ٥٧ ش محجوب  1.5 A/T CVT HIGHLINE   "
https://www.contactcars.com/en/new-cars/chery-arrizo_5/for-sale/20f88f78fbf94b4983c2a2d757c8ae6a?status=New?dealer=1519332,New,Chery,ARRIZO 5,Cairo," New Cairo & 5th Settlement","190,000",Sedan,Gas,Automatic,2023,"38,000",1500,,Red,"In Warranty , Fabrika In&Out","ARIZO 2024  1.5 A/T CVT BASELINE Leather   "
https://www.contactcars.com/en/used-cars/chery-tiggo/cba03c846e2c472b9854b84ac97f38b6?status=Used,Used,Chery,Tiggo,Alexandria," Al Ajmi","320,000",SUV,Gas,Manual,2013,,1600,"102,000",Gray,Fabrika In&Out,"تيجو ٢٠١٣ مانيوال ممتازة فيميه مثبوت شاشتين فرش اصلي ممتاز . "
https://www.contactcars.com/en/used-cars/chery-tiggo_7/39feb0d696a94c188e933456ac3ccad3?status=Used,Used,Chery,Tiggo 7,Cairo," Mataria","950,000",SUV,Gas,Automatic,2023,,1500,"4,500",Blue,,"شيري تيجو ٧ - tiggo 7  1.5 A/T T-6DCT HIGHLINE  "
https://www.contactcars.com/en/used-cars/chery-arrizo_5/6c5cb25f2d964a909a61d7a804f0c01e?status=Used,Used,Chery,ARRIZO 5,Cairo," Zayton","620,000",Sedan,Gas,Automatic,2022,"310,000",1500,"37,000",Dark Grey,"almost new , In Warranty , Fabrika In&Out","اريزو 5 هاى لاين اتوماتيك حالة الزيرو صيانه توكيل  1.5 A/T H/L   "
https://www.contactcars.com/en/used-cars/chery-arrizo_5/91bbe9d478db49c0a20beb674a853ec8?status=Used?dealer=1519451,Used,Chery,ARRIZO 5,Cairo," Waili","615,000",Sedan,Gas,Automatic,2022,,1500,"27,892",White,almost new,"اريزو 5 HL ابيض 2022  1.5 A/T H/L  "
https://www.contactcars.com/en/used-cars/chery-arrizo_5/f49ea4bfa98f4d08b56b32179e8e2d60?status=Used,Used,Chery,ARRIZO 5,Giza," Sheikh Zayed","670,000",Sedan,Gas,Automatic,2022,"335,000",1600,"14,000",Red,"almost new , In Warranty , Fabrika In&Out","شيري اريزو ٥ هايلاين مو 22كسر زيرومواصفات غير موجودة في مثيلاتها  1.5 A/T H/L   "
https://www.contactcars.com/en/new-cars/chery-tiggo_3/for-sale/f413375a0881456991b76bee30be140f?status=New?dealer=1519511,New,Chery,Tiggo 3,Cairo," Nasr City","180,000",SUV,Gas,Automatic,2023,,1600,,,"In Warranty , Fabrika In&Out","Chery Tiggo 3 2023  1.6 A/T CVT TINTED GLASS FACELIFT  "
https://www.contactcars.com/en/used-cars/chery-tiggo_7/632e425a69f94a54a684509745324f38?status=Used?dealer=1519264,Used,Chery,Tiggo 7,Cairo," Nasr City",,SUV,Gas,Automatic,2022,"277,500",1600,"73,500",Blue,for Exchange,"شيري تيجو7 هاي لاين "
https://www.contactcars.com/en/used-cars/chery-tiggo_7/e22264c3022f4cefb67434d5b17560ef?status=Used,Used,Chery,Tiggo 7,Qalyubia," El Oobor","750,000",SUV,Gas,Automatic,2021,,1500,"90,000",White,"In Warranty , Fabrika In&Out","العبور  1.5 A/T Baseline  "
https://www.contactcars.com/en/used-cars/chery-tiggo_3/16ff4da73dd44c21bdfeb08aba7cb8c4?status=Used,Used,Chery,Tiggo 3,Giza," 6th of October","650,000",SUV,Gas,Automatic,2019,,1600,"145,000",Gray,Fabrika In&Out,"شيري تيجو 3 حاله ممتازه "
https://www.contactcars.com/en/used-cars/chery-arrizo_5/b2231b5cf28a44ca965446e5ea06a917?status=Used,Used,Chery,ARRIZO 5,Alexandria," Mena El Basal","650,000",Sedan,Gas,Automatic,2023,"325,000",1500,"1,500",Black,"almost new , In Warranty , Fabrika In&Out","مينا البصل القباري اسكندريه ٥٧ ش محجوب  1.5 A/T CVT HIGHLINE   "
https://www.contactcars.com/en/new-cars/chery-arrizo_5/for-sale/20f88f78fbf94b4983c2a2d757c8ae6a?status=New?dealer=1519332,New,Chery,ARRIZO 5,Cairo," New Cairo & 5th Settlement","190,000",Sedan,Gas,Automatic,2023,"38,000",1500,,Red,"In Warranty , Fabrika In&Out","ARIZO 2024  1.5 A/T CVT BASELINE Leather   "
https://www.contactcars.com/en/used-cars/chery-tiggo/cba03c846e2c472b9854b84ac97f38b6?status=Used,Used,Chery,Tiggo,Alexandria," Al Ajmi","320,000",SUV,Gas,Manual,2013,,1600,"102,000",Gray,Fabrika In&Out,"تيجو ٢٠١٣ مانيوال ممتازة فيميه مثبوت شاشتين فرش اصلي ممتاز . "
https://www.contactcars.com/en/used-cars/chery-tiggo_7/39feb0d696a94c188e933456ac3ccad3?status=Used,Used,Chery,Tiggo 7,Cairo," Mataria","950,000",SUV,Gas,Automatic,2023,,1500,"4,500",Blue,,"شيري تيجو ٧ - tiggo 7  1.5 A/T T-6DCT HIGHLINE  "
https://www.contactcars.com/en/used-cars/chery-arrizo_5/6c5cb25f2d964a909a61d7a804f0c01e?status=Used,Used,Chery,ARRIZO 5,Cairo," Zayton","620,000",Sedan,Gas,Automatic,2022,"310,000",1500,"37,000",Dark Grey,"almost new , In Warranty , Fabrika In&Out","اريزو 5 هاى لاين اتوماتيك حالة الزيرو صيانه توكيل  1.5 A/T H/L   "
https://www.contactcars.com/en/used-cars/chery-tiggo_3/c48aa935e5e540329d4fd250fb2f0fd0?status=Used?dealer=1519451,Used,Chery,Tiggo 3,Cairo," Waili","790,000",SUV,Gas,Automatic,2022,,1600,"45,107",Dark Grey,almost new,"تيجو 3 فيراني 2022  1.6 A/T Tinted Glass FL  "
https://www.contactcars.com/en/used-cars/chery-arrizo_5/fcc6a77e102d4ebba691f12419b2dd21?status=Used?dealer=1519451,Used,Chery,ARRIZO 5,Cairo," Waili","630,000",Sedan,Natural Gas,Automatic,2022,,1500,"60,422",Red,almost new,"اريزو 5 p1 A احمر 2022  1.5 A/T Baseline  "
https://www.contactcars.com/en/used-cars/chery-arrizo_5/91bbe9d478db49c0a20beb674a853ec8?status=Used?dealer=1519451,Used,Chery,ARRIZO 5,Cairo," Waili","615,000",Sedan,Gas,Automatic,2022,,1500,"27,892",White,almost new,"اريزو 5 HL ابيض 2022  1.5 A/T H/L  "
https://www.contactcars.com/en/used-cars/chery-arrizo_5/f49ea4bfa98f4d08b56b32179e8e2d60?status=Used,Used,Chery,ARRIZO 5,Giza," Sheikh Zayed","670,000",Sedan,Gas,Automatic,2022,"335,000",1600,"14,000",Red,"almost new , In Warranty , Fabrika In&Out","شيري اريزو ٥ هايلاين مو 22كسر زيرومواصفات غير موجودة في مثيلاتها  1.5 A/T H/L   "
https://www.contactcars.com/en/new-cars/chery-tiggo_3/for-sale/f413375a0881456991b76bee30be140f?status=New?dealer=1519511,New,Chery,Tiggo 3,Cairo," Nasr City","180,000",SUV,Gas,Automatic,2023,,1600,,,"In Warranty , Fabrika In&Out","Chery Tiggo 3 2023  1.6 A/T CVT TINTED GLASS FACELIFT  "
https://www.contactcars.com/en/new-cars/chery-arrizo_5/for-sale/15b7929b327a42259abc3d82cb6db78c?status=New?dealer=1519475,New,Chery,ARRIZO 5,Western," Tanta","216,000",Sedan,Gas,Automatic,2023,"43,200",1500,,,"In Warranty , Fabrika In&Out","Chery ARRIZO 5 2023  1.5 A/T CVT HIGHLINE   "
https://www.contactcars.com/en/new-cars/chery-tiggo_7_pro/for-sale/78eb127c8a984b15bf5fa99b4057eaa4?status=New?dealer=1519475,New,Chery,Tiggo 7 Pro,Western," Tanta","440,000",SUV,Gas,Automatic,2022,,1500,,White,"In Warranty , Fabrika In&Out","Chery Tiggo 7 Pro 2022  1.5 A/T COMFORT  "
https://www.contactcars.com/en/new-cars/chery-tiggo_3/for-sale/2fda5fd03cf644fe9a035600773a1a5a?status=New?dealer=1519475,New,Chery,Tiggo 3,Western," Tanta","276,000",SUV,Gas,Automatic,2023,,1600,,,"Imported , In Warranty , Fabrika In&Out","Chery Tiggo 3 2023 "
https://www.contactcars.com/en/used-cars/chery-arrizo_5/a1767cd5c70c4fd69a9b50d9fc41aa5d?status=Used?dealer=1519473,Used,Chery,ARRIZO 5,Cairo," Nasr City","475,000",Sedan,Gas,Automatic,2020,,1500,"65,000",Baby Blue,,"شيري اريزو هاي لاين ٢٠٢٠  1.5L (Basic)  "
https://www.contactcars.com/en/used-cars/chery-tiggo_7/dc8fe60834f6493ab454940a1e0aa87e?status=Used,Used,Chery,Tiggo 7,Alexandria," King Mariout","750,000",SUV,Gas,Automatic,2021,,1500,"105,000",Silver,,"السياره لاتحتاج لاى مصروف  1.5 A/T Baseline  "
https://www.contactcars.com/en/used-cars/chery-tiggo_7/b72b9df8a1f64af99515c49d5838a5ae?status=Used,Used,Chery,Tiggo 7,Giza," 6th of October","900,000",SUV,Gas,Automatic,2022,"450,000",1500,"24,000",Gray,"almost new , In Warranty , Fabrika In&Out","تيجو 7 بيز لاين فراني كسر زيرو موديل 22  "
https://www.contactcars.com/en/used-cars/chery-arrizo_5/aad893a47dd14faa9e878a4cd1ad1c75?status=Used,Used,Chery,ARRIZO 5,El Beheira," Badr City","520,000",Sedan,Gas,Manual,2023,"260,000",1500,"15,000",White,,"اريزو مانيوال2023  1.5 M/T BASELINE Leather   "
https://www.contactcars.com/en/used-cars/chery-arrizo_5/8968b13f78234703a8ed8c3675ae9e98?status=Used,Used,Chery,ARRIZO 5,Cairo," Rehab City","730,000",Sedan,Gas,Automatic,2023,"365,000",1500,"26,000",Bronze,"almost new , In Warranty , Fabrika In&Out","Chery  1.5 A/T CVT HIGHLINE   "
https://www.contactcars.com/en/used-cars/chery-tiggo_3/8cb9790960f640de8fa1db787573c509?status=Used,Used,Chery,Tiggo 3,Eastern," Belbeis","675,000",SUV,Gas,Automatic,2021,"337,500",1600,"24,000",Silver,,"تيجو ٣  "
https://www.contactcars.com/en/used-cars/chery-arrizo_5/5c064550606e4a4589735f44ec09f683?status=Used,Used,Chery,ARRIZO 5,Alexandria," El Syoof","510,000",Sedan,Gas,Manual,2023,"255,000",1500,"24,000",Bronze,"almost new , In Warranty , Fabrika In&Out","السيوف  1.5 M/T BASELINE Leather   "
https://www.contactcars.com/en/used-cars/chery-tiggo_7/af2b5276209c4c44ac38136546d28edf?status=Used,Used,Chery,Tiggo 7,Alexandria," Ameria","820,000",SUV,Gas,Automatic,2022,"410,000",1500,"10,000",Black,almost new,"تيجو 7 هاى لاين كسر زيرو  "
https://www.contactcars.com/en/used-cars/chery-tiggo_3/520577edd5884100b48a3827c10c0c2b?status=Used,Used,Chery,Tiggo 3,Eastern," 10th of Ramadan","650,000",Hatchback,Gas,Automatic,2022,"325,000",1600,"52,000",Silver,"almost new , Fabrika In&Out","تيجو 3  1.6 A/T Tinted Glass FL   "
https://www.contactcars.com/en/used-cars/chery-arrizo_5/0b76734d1851487d8bb1ab5ab2d17540?status=Used,Used,Chery,ARRIZO 5,Cairo," El Salam City","450,000",Sedan,Gas,Manual,2023,"225,000",1500,"53,000",Gray,Fabrika In&Out,"مدينة السلام  1.5 M/T BASELINE Leather   "
https://www.contactcars.com/en/used-cars/chery-tiggo_7/cb6865f4397f4c0e8d68bcbf7c0c7845?status=Used,Used,Chery,Tiggo 7,Suez," Suez","880,000",SUV,Gas,Automatic,2023,"440,000",1500,"18,300",Dark Grey,"almost new , In Warranty , Fabrika In&Out","شيري تيجو ٧ موديل ٢٠٢٣ هاي لاين صيانات توكيل فابريكا بالكامل  1.5 A/T T-6DCT HIGHLINE   "
https://www.contactcars.com/en/used-cars/chery-arrizo_5/81a151649a76411d87a20d3ce821cd15?status=Used,Used,Chery,ARRIZO 5,Giza," Faisal","475,000",Sedan,Gas,Automatic,2021,"237,500",1500,"40,000",Silver,Fabrika In&Out,"شيري اريزو  1.5L Highline   "
https://www.contactcars.com/en/used-cars/chery-tiggo_7/dfaba91a20b94cb88901f76891fc30ca?status=Used,Used,Chery,Tiggo 7,Cairo," Helwan","810,000",SUV,Gas,Automatic,2022,"405,000",1500,"23,000",Brown,"almost new , In Warranty","تيجو٧  "
https://www.contactcars.com/en/used-cars/chery-envy/cfc3ace86c76428c8b166c6c932b9a82?status=Used,Used,Chery,Envy,Cairo," Madinaty","280,000",Sedan,Gas,Manual,2018,,1500,"186,000",Champagne,Fabrika In&Out,"شيرى إنفى ٢٠١٨ إستخدام شخصى  1.5 M/T Tinted Glass  "
https://www.contactcars.com/en/used-cars/chery-envy/b3c0d5114d55415283f43ff5fa458ad8?status=Used,Used,Chery,Envy,Cairo," Nasr City","290,000",Sedan,Gas,Manual,2018,,1500,"130,000",Black,Fabrika In&Out,"شيري انفي فبريكه بلكامل  1.5 M/T Tinted Glass  "
https://www.contactcars.com/en/used-cars/chery-arrizo_5/6287df6af13e48b1b9ec4616056d8881?status=Used,Used,Chery,ARRIZO 5,Cairo," Rehab City","475,000",Sedan,Gas,Automatic,2020,"237,500",1500,"40,000",Red,"almost new , for Exchange , In Warranty , Fabrika In&Out","الرحاب  1.5L (Basic)   "
https://www.contactcars.com/en/used-cars/chery-envy/d7dbe20b4f044ef89086917b329b97a1?status=Used,Used,Chery,Envy,Cairo," New Cairo & 5th Settlement","260,000",Sedan,Gas,Manual,2017,,1500,"240,000",Maroon,"almost new , Fabrika In&Out","شيري انفي 2017 بحالة ممتازة  Comfort  "
https://www.contactcars.com/en/used-cars/chery-envy/29b230aca6df4622b11885f617947852?status=Used,Used,Chery,Envy,Cairo," Heliopolis","200,000",Sedan,Gas,Manual,2017,,1600,200,Blue,,"شيري انفي 2017 فبريكا دواخل للبيع "
https://www.contactcars.com/en/used-cars/chery-tiggo/fa7433845d674e67a7ae71e11a448a59?status=Used,Used,Chery,Tiggo,Giza," 6th of October","650,000",SUV,Gas,Automatic,2019,,1500,"67,000",Blue,Fabrika In&Out,"تيجو فابريكه  1.6 A/T Tinted Glass  "
https://www.contactcars.com/en/used-cars/chery-arrizo_5/4a3764ab063b411fb7d4eadcd1430ae7?status=Used,Used,Chery,ARRIZO 5,Eastern," 10th of Ramadan","500,000",Sedan,Gas,Manual,2021,,1500,"102,000",White,Fabrika In&Out,"شيري اريزو فبريكة بالكامل ماعدا اقصدام امامي  1.5 M/T Baseline  "
https://www.contactcars.com/en/used-cars/chery-arrizo_5/41b3c588b6334e238676b2643f2d6792?status=Used,Used,Chery,ARRIZO 5,Alexandria," The Saraya","570,000",Sedan,Gas,Automatic,2022,"285,000",1500,"22,000",Dark Grey,"almost new , In Warranty","٣شارع محمد باشا صدقي متفرع من الاقبال  1.5 A/T H/L   "
https://www.contactcars.com/en/used-cars/chery-tiggo_7/702b34032c48419d98c9591ba5b2ccb2?status=Used?dealer=1519451,Used,Chery,Tiggo 7,Cairo," Waili","880,000",SUV,,Automatic,2021,"440,000",1500,"25,320",Silver,almost new,"تيجو 7 فضي 2021  1.5 A/T Baseline   "
https://www.contactcars.com/en/used-cars/chery-arrizo_5/e1b445039b614fbd8bd142549c1c0f72?status=Used?dealer=1519451,Used,Chery,ARRIZO 5,Cairo," Waili","690,000",Sedan,Natural Gas,Automatic,2023,,1500,"18,544",Bronze,almost new,"اريزو 5 HL برونزي 2023  1.5 A/T CVT HIGHLINE  "
https://www.contactcars.com/en/used-cars/chery-arrizo_5/7c01f0656229404ba21bc3b7b0c3826c?status=Used?dealer=1519451,Used,Chery,ARRIZO 5,Cairo," Waili","625,000",Sedan,Gas,Automatic,2022,,1500,"60,795",Maroon,almost new,"اريزو 5 نبيتي 2022  1.5 A/T Baseline  "
https://www.contactcars.com/en/new-cars/chery-arrizo_5/for-sale/7112dd0c09334e7db542b884808cb548?status=New?dealer=1519280,New,Chery,ARRIZO 5,Cairo," Nasr City","175,000",Sedan,Gas,Automatic,2023,,1500,,,"In Warranty , Fabrika In&Out","Chery ARRIZO 5 2023  1.5 A/T CVT HIGHLINE  "
https://www.contactcars.com/en/new-cars/chery-tiggo_7/for-sale/f4c85388283c4d4fb643b96aac489fd9?status=New?dealer=1519503,New,Chery,Tiggo 7,Cairo," Nasr City",,SUV,Gas,Automatic,2023,"212,000",1500,,Red,,"ارخص شيري تيجو 7 في مصر CHERY TIGGO 7 2024  1.5 A/T T-6DCT BASELINE  "
https://www.contactcars.com/en/used-cars/chery-tiggo_3/c6e69ee07881446d94a94a14b84d5cb7?status=Used,Used,Chery,Tiggo 3,Cairo," New Cairo & 5th Settlement","680,000",SUV,Gas,Automatic,2022,"340,000",1600,"46,000",Gray,"In Warranty , Fabrika In&Out","تيجو ٣ موديل 2022  1.6 A/T Tinted Glass FL   "
https://www.contactcars.com/en/used-cars/chery-tiggo_3/61bebcf33d85462ba11e7691f968184a?status=Used,Used,Chery,Tiggo 3,El Beheira," Itai El Barod","620,000",Hatchback,Gas,Automatic,2019,,1500,"65,000",Gold,"Crashes , Fabrika In&Out","عربيه تيجو ٣ رخصه ٣سنوات "
https://www.contactcars.com/en/used-cars/chery-tiggo_8/273521bdfb204875a63f43550563f9db?status=Used,Used,Chery,Tiggo 8,Alexandria," Hanoville","1,000,000",SUV,Gas,Automatic,2022,"500,000",1500,"10,000",Silver,"almost new , In Warranty , Fabrika In&Out","تيجو 8 كسر زيرو موديل 2022 الفئة الاولى رمادى اللون الإسكندرية  1.5 A/T T-6DCT COMFORT   "
https://www.contactcars.com/en/used-cars/chery-arrizo_5/5003d740a0da4494868b84c3c816dd26?status=Used,Used,Chery,ARRIZO 5,Cairo," Mokattam","450,000",Sedan,Gas,Manual,2022,"225,000",1500,"13,000",Red,"almost new , In Warranty , Fabrika In&Out","شيري اريزو 5 مانيوال 22 استخدام خمس شهور عداد13 ألف كم سفر  1.5 M/T Baseline   "
https://www.contactcars.com/en/used-cars/chery-arrizo_5/6b5e030f3fc04408accf4fd84097b7f1?status=Used?dealer=1519515,Used,Chery,ARRIZO 5,Cairo," Nasr City","660,000",Sedan,Gas,Automatic,2023,"330,000",1500,"12,500",Purple,,"شيري اريزو 5 مستعملة 2023  1.5 A/T CVT HIGHLINE   "
https://www.contactcars.com/en/new-cars/chery-arrizo_5/for-sale/51a8296fb2db45b6bede07a1f1d938c3?status=New?dealer=1519395,New,Chery,ARRIZO 5,Cairo," Nasr City",,Sedan,Gas,Automatic,2023,"220,000",1500,,,"In Warranty , Fabrika In&Out","Chery ARRIZO 5 2023  1.5 A/T CVT HIGHLINE  "
https://www.contactcars.com/en/used-cars/chery-arrizo_5/b1ba5cec9d924e6eb41fd258f803d7d5?status=Used?dealer=1519453,Used,Chery,ARRIZO 5,Cairo," Nasr City","565,000",Sedan,Gas,Automatic,2022,"282,500",1500,"50,000",Black,"almost new , for Exchange , In Warranty , Fabrika In&Out","شيري اريزو 5 2022  1.5 A/T Baseline   "
https://www.contactcars.com/en/used-cars/chery-arrizo_5/079279187e154b299a421211826c2f92?status=Used,Used,Chery,ARRIZO 5,Cairo," Madinaty","670,000",Sedan,Gas,Automatic,2023,"335,000",1500,350,Gray,almost new,"شيري اريزو 2023 اعلي فئه جميع الكماليات موديل 2023  1.5 A/T CVT HIGHLINE   "
https://www.contactcars.com/en/used-cars/chery-tiggo_7/a859ec44744849f68849438c4cfa1f54?status=Used,Used,Chery,Tiggo 7,Giza," 6th of October","780,000",SUV,Gas,Automatic,2022,,1500,"71,999",Red,"In Warranty , Fabrika In&Out","تيجو 7 هى لاين بحالة ممتازة "
https://www.contactcars.com/en/used-cars/chery-tiggo_8/d1380d42cb104de99091a15d6bf32ad8?status=Used,Used,Chery,Tiggo 8,Alexandria," Smouha","1,200,000",SUV,Gas,Automatic,2022,"600,000",1500,"15,000",Blue,"almost new , In Warranty , Fabrika In&Out","فندق ميراج سموحه  1.5 A/T T-6DCT LUXURY   "
https://www.contactcars.com/en/used-cars/chery-arrizo_5/b592988376e9428998fc7d1fd3a0ae81?status=Used?dealer=1519451,Used,Chery,ARRIZO 5,Cairo," Waili","565,000",Sedan,Gas,Automatic,2021,"282,500",1500,"55,583",Baby Blue,almost new,"شيري اريزو 5  1.5 A/T Baseline Leather   "
https://www.contactcars.com/en/used-cars/chery-tiggo_8/066fee6e372f4ed89215febc1bc4db39?status=Used,Used,Chery,Tiggo 8,Alexandria," Sporting","1,000,000",SUV,Gas,Automatic,2022,"500,000",1500,"48,000",White,"almost new , Fabrika In&Out","شيري كسر زيرو 48000معمل لها صيانه 50الف بالتوكيل  1.5 A/T T-6DCT COMFORT   "
https://www.contactcars.com/en/used-cars/chery-arrizo_5/d2d6e790daf74c24ae6295663a70c6f2?status=Used,Used,Chery,ARRIZO 5,Dakahlia," Mansoura","455,000",Sedan,,Automatic,2021,,1500,"132,000",Blue,Fabrika In&Out,"شيري أريزو 5( 2021 بحالة ممتازة)  1.5 M/T Baseline  "
https://www.contactcars.com/en/used-cars/chery-tiggo_3/41aafaf57af94bae972b393a0e189a76?status=Used,Used,Chery,Tiggo 3,Giza," Sheikh Zayed","560,000",SUV,Gas,Automatic,2019,,1600,"77,000",Silver,Fabrika In&Out,"تيجو ٣ - ٢٠١٩ - فبريكه بحاله ممتازه "
https://www.contactcars.com/en/used-cars/chery-arrizo_5/fe3a1188f06646b3b837fa3e16f6427f?status=Used,Used,Chery,ARRIZO 5,Cairo," Hadayeq El Qoba","650,000",Sedan,Gas,Automatic,2022,"325,000",1500,"23,000",,"almost new , In Warranty , Fabrika In&Out","Arezo5 كسر زيرو  1.5 A/T H/L   "
https://www.contactcars.com/en/new-cars/chery-tiggo_3/for-sale/ab44bce9822548edbc6f5a27cc157244?status=New?dealer=1519511,New,Chery,Tiggo 3,Cairo," Nasr City","180,000",SUV,Gas,Automatic,2023,,1600,,,"In Warranty , Fabrika In&Out","Chery Tiggo 3 2023  1.6 A/T CVT TINTED GLASS FACELIFT  "
https://www.contactcars.com/en/new-cars/chery-arrizo_5/for-sale/169f737f3cbe448a92d6c3afe28b5232?status=New?dealer=1519511,New,Chery,ARRIZO 5,Cairo," Nasr City",,Sedan,Gas,Automatic,2023,"175,000",1500,,Blue,,"Chery Arrizo 2023, 2024  1.5 A/T CVT BASELINE Leather  "
https://www.contactcars.com/en/used-cars/chery-tiggo_7/a7cc6e8be6744bb2973734012081d004?status=Used,Used,Chery,Tiggo 7,Qalyubia," Shubra Al Khaimah","800,000",Hatchback,Gas,Automatic,2021,"400,000",1500,"23,000",Dark Grey,"almost new , In Warranty , Fabrika In&Out","تيجو7 هاي لاين  1.5 A/T H/L   "
https://www.contactcars.com/en/used-cars/chery-envy/1744888bff2b495187ab9fba10a98007?status=Used,Used,Chery,Envy,Cairo," Heliopolis","240,000",Sedan,Gas,Manual,2017,,1500,"239,000",Maroon,,"شيرى انفى 2017  Comfort  "
https://www.contactcars.com/en/used-cars/chery-arrizo_5/9e6d158ebefb4f03a0c08e98fe0dc9d6?status=Used,Used,Chery,ARRIZO 5,Giza," 6th of October","430,000",Sedan,Gas,Automatic,2021,,1500,"98,000",Silver,,"اريزو 5 للبيع  1.5 A/T Baseline Leather  "
https://www.contactcars.com/en/used-cars/chery-tiggo_7/f3b17f0d0ba54216b90001e26573784e?status=Used,Used,Chery,Tiggo 7,Cairo," Gesr El Suez","650,000",SUV,Gas,Automatic,2021,,1500,"213,000",Blue,Fabrika In&Out,"حديقه بدر  1.5 A/T H/L  "
https://www.contactcars.com/en/used-cars/chery-arrizo_5/9acda82de80c4292abaad723747b3f59?status=Used?dealer=1519451,Used,Chery,ARRIZO 5,Cairo," Waili","715,000",,Gas,Automatic,2023,"357,500",1500,"3,843",Baby Blue,almost new,"اريزو 5 HL سماوي 2023  1.5 A/T CVT HIGHLINE   "
https://www.contactcars.com/en/new-cars/chery-tiggo_8/for-sale/0d74f006f0ac4a68af48b81120473e4b?status=New?dealer=1519511,New,Chery,Tiggo 8,Cairo," Nasr City",,SUV,Gas,Automatic,2023,"270,000",1500,,Maroon,,"Chery Tiggo 8 2023 "
https://www.contactcars.com/en/new-cars/chery-tiggo_3/for-sale/de018b3c98f049a9bcd1061f7f9726a5?status=New?dealer=1519511,New,Chery,Tiggo 3,Cairo," Nasr City","180,000",SUV,Gas,Automatic,2023,,1600,,,"In Warranty , Fabrika In&Out","Chery Tiggo 3 2023  1.6 A/T CVT TINTED GLASS FACELIFT  "
https://www.contactcars.com/en/used-cars/chery-arrizo_5/6acd5af274a9414ca62f4593f5b43a9a?status=Used?dealer=1519515,Used,Chery,ARRIZO 5,Cairo," Nasr City",,Sedan,Gas,Automatic,2023,"150,000",1500,"10,000",Purple,,"اريزو 5 كسر زيرو اعلي فئة  1.5 A/T CVT HIGHLINE  "
https://www.contactcars.com/en/used-cars/chery-tiggo_3/6554a98198c24bbfa4ec951a5f4a5999?status=Used?dealer=1519451,Used,Chery,Tiggo 3,Cairo," Waili","830,000",SUV,,Automatic,2023,,1600,"28,806",Blue,almost new,"تيجو 3 ازرق 2023  1.6 A/T CVT TINTED GLASS FACELIFT  "
https://www.contactcars.com/en/used-cars/chery-arrizo_5/a18e365b11b247e1902efe754d3441ec?status=Used?dealer=1519451,Used,Chery,ARRIZO 5,Cairo," Waili","560,000",Sedan,Gas,Manual,2023,,1500,"64,504",,almost new,"اريزو 5 M نبيتي 2023  1.5 M/T BASELINE Leather  "
https://www.contactcars.com/en/new-cars/chery-tiggo_7/for-sale/506d3cdca9474346ab1de6a17519540b?status=New?dealer=1519302,New,Chery,Tiggo 7,Cairo," New Cairo & 5th Settlement",,SUV,Gas,Automatic,2023,"276,000",1500,,Dark Grey,,"شيري تيجو 7 2023  1.5 A/T T-6DCT HIGHLINE  "
https://www.contactcars.com/en/used-cars/chery-tiggo_7_pro/660d36e3468b46e695b30aafe69b626c?status=Used,Used,Chery,Tiggo 7 Pro,Alexandria," El Ibrahmya","955,000",SUV,Gas,Automatic,2022,"477,500",1500,"30,000",Dark Grey,"almost new , In Warranty , Fabrika In&Out","تيجو 7برو ٢٠٢٢ كمفورت  1.5 A/T COMFORT   "
https://www.contactcars.com/en/used-cars/chery-envy/84e2a5ed48b3405d84b6e9e4f2576d87?status=Used,Used,Chery,Envy,Cairo," Waili","300,000",Sedan,Gas,Manual,2017,,1500,"56,000",Gray,Fabrika In&Out,"١١ ش المسعود العباسيه القاهره  Comfort  "
https://www.contactcars.com/en/new-cars/chery-arrizo_5/for-sale/5a0d798c0cd54659af6758f0b4768dba?status=New?dealer=1519513,New,Chery,ARRIZO 5,Cairo," Nasr City",,Sedan,Gas,Automatic,2023,"180,000",1500,,Purple,,"شيري لريزو 5 اتوماتيك  1.5 A/T CVT HIGHLINE  "
https://www.contactcars.com/en/new-cars/chery-tiggo_3/for-sale/42136f3765fd4e3fb35eea495db0f7b3?status=New?dealer=1519302,New,Chery,Tiggo 3,Cairo," New Cairo & 5th Settlement",,SUV,Gas,Automatic,2023,"373,000",1600,,Gray,,"شيري تيجو 3 2023  1.6 A/T CVT TINTED GLASS FACELIFT  "
https://www.contactcars.com/en/new-cars/chery-tiggo_7/for-sale/7d58603d05dd444f8954698fa9e57f77?status=New?dealer=1519437,New,Chery,Tiggo 7,Cairo," Heliopolis",,SUV,Gas,Automatic,2023,"257,500",1500,,Dark Grey,"In Warranty , Fabrika In&Out","شيري تيجو 7  1.5 A/T T-6DCT HIGHLINE  "
https://www.contactcars.com/en/used-cars/chery-tiggo_7/09062c9927b64f33a4fd143195ceccd8?status=Used?dealer=1519525,Used,Chery,Tiggo 7,Cairo," Nasr City",,SUV,Gas,Automatic,2022,"252,000",1500,"42,000",Gray,"almost new , for Exchange , Fabrika In&Out","شيري تيجو باسرع اجراءات قسط في مصر "
https://www.contactcars.com/en/used-cars/chery-tiggo_7/ebebe761327a41a8b583d69f541618ac?status=Used?dealer=1519525,Used,Chery,Tiggo 7,Cairo," Nasr City","840,000",SUV,Gas,Automatic,2022,,1500,"420,000",Gray,"almost new , for Exchange , Fabrika In&Out","شيري تيجو 7 فابريكا بالكااامل "
https://www.contactcars.com/en/used-cars/chery-tiggo_7_pro/2eccec41da2a4094bfb8eaa46a832c25?status=Used,Used,Chery,Tiggo 7 Pro,Giza," El Mohndseen","975,000",SUV,Gas,Automatic,2022,"487,500",1500,"21,000",Black,"almost new , In Warranty , Fabrika In&Out","للبيع : تيجو 7 برو موديل 2022 ( إسود )  "
https://www.contactcars.com/en/used-cars/chery-tiggo_3/8d619a952514419fad785ef1390935bc?status=Used,Used,Chery,Tiggo 3,Alexandria," Mahtet El Ramal","850,000",SUV,,Automatic,2023,"425,000",1600,100,Silver,"In Warranty , Fabrika In&Out","شيري تيجو 3 رخصت ولم تستخدم 100 كم فقط  1.6 A/T CVT TINTED GLASS FACELIFT   "
https://www.contactcars.com/en/used-cars/chery-tiggo_3/4365778aebda4e09b29f4ef007e03b2e?status=Used,Used,Chery,Tiggo 3,Cairo," Nasr City","680,000",SUV,Gas,Automatic,2023,"340,000",1600,300,Red,almost new,"شيري اريزو هاي لين 2023 رخصت ولم تستخدم جميع الكماليات  1.6 A/T CVT TINTED GLASS FACELIFT   "
https://www.contactcars.com/en/used-cars/chery-arrizo_5/41a33bf1964c45e98986d1ddd1ed61bd?status=Used,Used,Chery,ARRIZO 5,Cairo," Nasr City","670,000",Sedan,Gas,Automatic,2023,"335,000",1500,120,Gray,"almost new , Crashes","شيري اريزو 2023 اعلي فئه موديل 2023 رخصه سنه هديه  1.5 A/T CVT HIGHLINE   "
https://www.contactcars.com/en/new-cars/chery-tiggo_3/for-sale/f6224f3a272341c6a04b5b9fcddce694?status=New?dealer=1519511,New,Chery,Tiggo 3,Cairo," Nasr City",,SUV,Gas,Automatic,2023,"200,000",1600,,Silver,,"Chery tiggo 3 2023  1.6 A/T CVT TINTED GLASS FACELIFT  "
https://www.contactcars.com/en/new-cars/chery-tiggo_8_pro/for-sale/93c6f25b84774978b9f3e87e935a199c?status=New?dealer=1519515,New,Chery,Tiggo 8 PRO,Cairo," Nasr City",,SUV,Gas,Automatic,2023,"270,000",1600,,White,for Exchange,"شارع الطياران مدينة نصر "
https://www.contactcars.com/en/new-cars/chery-tiggo_8_pro/for-sale/7588989ef6a942739f140435bde75fce?status=New?dealer=1519515,New,Chery,Tiggo 8 PRO,Cairo," Nasr City","1,300,000",SUV,Gas,Automatic,2023,"650,000",1600,,White,for Exchange,"شارع الطياران  1.6 A/T Comfort   "
https://www.contactcars.com/en/used-cars/chery-arrizo_5/7ce2f9c973fe4d488f270339cde65b3f?status=Used,Used,Chery,ARRIZO 5,Cairo," New Cairo & 5th Settlement","425,000",Sedan,Gas,Automatic,2020,,1500,"92,000",Red,,"شيري اريزو ٥ اوتوماتيك للبيع ٩٢ الف كيلو ٢٠٢٠  1.5L Highline  "
https://www.contactcars.com/en/used-cars/chery-tiggo_7/25ce541d210c422ba51a584138a2abe1?status=Used,Used,Chery,Tiggo 7,Cairo," Nasr City","730,000",SUV,Gas,Automatic,2021,,1500,"79,000",Dark Grey,"In Warranty , Fabrika In&Out","شيرى تيجو 7 فابريكة بالكامل  1.5 A/T H/L  "
https://www.contactcars.com/en/new-cars/chery-tiggo_7_pro/for-sale/131c82e3330b4aafa19f2e3713718eff?status=New?dealer=1519395,New,Chery,Tiggo 7 Pro,Cairo," Nasr City",,SUV,Gas,Automatic,2023,"350,000",1600,,,"In Warranty , Fabrika In&Out","Chery Tiggo 7 Pro 2023 "
https://www.contactcars.com/en/new-cars/chery-tiggo_7_pro/for-sale/5f60fd1e309340ee82a3146dba40d401?status=New?dealer=1519395,New,Chery,Tiggo 7 Pro,Cairo," Nasr City",,SUV,Gas,Automatic,2023,"350,000",1600,,White,"In Warranty , Fabrika In&Out","شيري تيجو 7 برو 2023 باقل مقدم وافضل سعر فى مصر "
https://www.contactcars.com/en/new-cars/chery-tiggo_7/for-sale/7f6ff1b2fbca40438b4a9f5e099b3b95?status=New?dealer=1519395,New,Chery,Tiggo 7,Cairo," Nasr City",,SUV,Gas,Automatic,2023,"250,000",1500,,,"In Warranty , Fabrika In&Out","Chery Tiggo 7 2023  1.5 A/T T-6DCT BASELINE  "
https://www.contactcars.com/en/used-cars/chery-arrizo_5/5070c91805094a7bab0ba943e5af695a?status=Used,Used,Chery,ARRIZO 5,Cairo," Sheraton","590,000",Sedan,Gas,Automatic,2021,"295,000",1500,"22,000",Gray,"almost new , In Warranty , Fabrika In&Out","شير اريزو5  1.5 M/T Baseline   "
